{
  "ROC_AUC": 0.8276839999999999,
  "Pixel_AUPRC": 0.21498233284043305,
  "Blur_ROC_AUC": 0.709344,
  "Blur_Pixel_AUPRC": 0.09577366099802795,
  "Elapsed_Seconds": 105.37652516365051
}