alg_a,alg_b,median_a,median_b,median_diff_a_minus_b,wilcoxon_stat,p_value,significant_0.05,better_by_median
GA,NAMS,-0.7151663988112756,-0.7166457479761998,0.0034094161591345373,621.0,0.878334307774896,False,NAMS
GA,SA,-0.7151663988112756,-0.6969863876124347,-0.017223304601483747,351.0,0.0050721514649119115,True,GA
NAMS,SA,-0.7166457479761998,-0.6969863876124347,-0.016635486705191216,348.0,0.004606102327862516,True,NAMS
