alg_A,alg_B,wilcoxon_stat,p_value
ARSA,GA,0.0,1.7763568394002505e-15
ARSA,SA,304.0,0.0009871220775430345
GA,SA,0.0,1.7763568394002505e-15
