{
  "ROC_AUC": 0.7265360000000001,
  "Pixel_AUPRC": 0.07835501944753225,
  "Blur_ROC_AUC": 0.619336,
  "Blur_Pixel_AUPRC": 0.038276380033762054,
  "Elapsed_Seconds": 103.36750364303589
}