{
  "ROC_AUC": 0.8177,
  "Pixel_AUPRC": 0.1642510193460341,
  "Blur_ROC_AUC": 0.709344,
  "Blur_Pixel_AUPRC": 0.09577366099802795,
  "Elapsed_Seconds": 107.44741868972778
}