{
  "ROC_AUC": 0.762332,
  "Pixel_AUPRC": 0.19103359348091958,
  "Blur_ROC_AUC": 0.709344,
  "Blur_Pixel_AUPRC": 0.09577366099802795,
  "Elapsed_Seconds": 120.32983613014221
}