{
  "ROC_AUC": 0.8337239999999999,
  "Pixel_AUPRC": 0.27430232302228813,
  "Blur_ROC_AUC": 0.709344,
  "Blur_Pixel_AUPRC": 0.09577366099802795,
  "Elapsed_Seconds": 123.09992337226868
}