{
  "ROC_AUC": 0.718222,
  "Pixel_AUPRC": 0.1786308580053023,
  "Blur_ROC_AUC": 0.709344,
  "Blur_Pixel_AUPRC": 0.09577366099802795,
  "Elapsed_Seconds": 129.82187938690186
}