{
  "ROC_AUC": 0.968348,
  "Pixel_AUPRC": 0.5039940327568927,
  "Blur_ROC_AUC": 0.8597520000000001,
  "Blur_Pixel_AUPRC": 0.24770843179645294,
  "Elapsed_Seconds": 110.21835064888
}