{
  "ROC_AUC": 0.82814,
  "Pixel_AUPRC": 0.21516278863811344,
  "Blur_ROC_AUC": 0.709344,
  "Blur_Pixel_AUPRC": 0.09577366099802795,
  "Elapsed_Seconds": 114.76374769210815
}