{
  "ROC_AUC": 0.827636,
  "Pixel_AUPRC": 0.2148924027614489,
  "Blur_ROC_AUC": 0.709344,
  "Blur_Pixel_AUPRC": 0.09577366099802795,
  "Elapsed_Seconds": 108.81309151649475
}