{
  "ROC_AUC": 0.7789159999999999,
  "Pixel_AUPRC": 0.11990799535674898,
  "Blur_ROC_AUC": 0.719306,
  "Blur_Pixel_AUPRC": 0.09078878896283987,
  "Elapsed_Seconds": 31.937397480010986
}