{
  "ROC_AUC": 0.999908,
  "Pixel_AUPRC": 0.8061266939542143,
  "Blur_ROC_AUC": 0.709344,
  "Blur_Pixel_AUPRC": 0.09577366099802795,
  "Elapsed_Seconds": 120.01513361930847
}