{
  "ROC_AUC": 0.816236,
  "Pixel_AUPRC": 0.12878760427832184,
  "Blur_ROC_AUC": 0.6506500000000001,
  "Blur_Pixel_AUPRC": 0.05711755615409288,
  "Elapsed_Seconds": 106.05433416366577
}