{
  "ROC_AUC": 0.799788,
  "Pixel_AUPRC": 0.20305859628995687,
  "Blur_ROC_AUC": 0.709344,
  "Blur_Pixel_AUPRC": 0.09577366099802795,
  "Elapsed_Seconds": 112.7595317363739
}